<?xml version = "1.0" encoding = "utf-8"?>
<!DOCTYPE hibernate-configuration SYSTEM 
"http://www.hibernate.org/dtd/hibernate-configuration-3.0.dtd">
<hibernate-configuration>
	<session-factory>

		<property name="connection.driver_class">com.mysql.cj.jdbc.Driver</property>
		<property name="connection.url">jdbc:mysql://localhost:3306/test</property>
		<property name="connection.username">root</property>
		<property name="connection.password">root</property>
		<property name="dialect">org.hibernate.dialect.MySQL8Dialect</property>
		<property name="hbm2ddl.auto">update</property>
		<!-- <mapping class ="com.hcl.Employee" /> -->
          
        <mapping class="com.javatpoint.mypackage.Employee"/>  
        <mapping class="com.javatpoint.mypackage.Contract_Employee"/>  
        <mapping class="com.javatpoint.mypackage.Regular_Employee"/>  
    </session-factory>  
  
</hibernate-configuration>  