<?xml version="1.0" encoding="UTF-8"?>

<beans xmlns="http://www.springframework.org/schema/beans"

	xmlns:xsi="http://www.w3.org/2001/XMLSchema-instance"

	xmlns:context="http://www.springframework.org/schema/context"

	xsi:schemaLocation="http://www.springframework.org/schema/beans

   http://www.springframework.org/schema/beans/spring-beans-3.0.xsd

   http://www.springframework.org/schema/context

   http://www.springframework.org/schema/context/spring-context-3.0.xsd">

	<!-- <context:component-scan base-package="com"></context:component-scan> -->

	<context:annotation-config></context:annotation-config>

	<bean id="ds"
		class="org.springframework.jdbc.datasource.DriverManagerDataSource">
		<property name="driverClassName"
			value="com.mysql.jdbc.Driver" />
		<property name="url" value="jdbc:mysql://localhost:3306/test" />
		<property name="username" value="root" />
		<property name="password" value="root" />
	</bean>
	<bean id="jdbcTemplate"
		class="org.springframework.jdbc.core.JdbcTemplate">
		<property name="dataSource" ref="ds"></property>
	</bean>
	<bean id="car" class="com.hcl.carinventory.Car">
		<!-- <property name="car_id" value="104"></property>
		<property name="make" value="Hyundai"></property>
		<property name="model" value="creta"></property>
		<property name="year" value="2016"></property>
		<property name="salePrice" value="15000"></property> -->
	</bean>
	<bean id="carDao" class="com.hcl.carinventory.CarDao">
		<property name="jdbcTemplate" ref="jdbcTemplate"></property>
	</bean>
	<bean id="carService" class="com.hcl.carinventory.CarService"
		autowire="byType">
	</bean>




	<!-- <bean id="edao" class="com.hcl.EmployeeDao"> -->
	<!-- <property name="jdbcTemplate" ref="jdbcTemplate"></property> -->
	<!-- </bean> -->
	<!-- <bean id = "profile" class = "com.sproing.Profile"></bean> <bean id 
		= "student1" class = "com.sproing.Student" > <property name = "name" value 
		= "Zara" /> <property name = "city" value = "chennai"/> </bean> <bean id 
		= "student2" class = "com.sproing.Student" > <property name = "name" value 
		= "Nuha" /> <property name = "city" value = "Mumbai"/> </bean> -->

</beans>