{
  "books": [
    {
      "id": 1,
      "title": "sfsvdv",
      "author": "SDFSV",
      "description": "as dgrs d s hfhsb",
      "rackNumber": 2,
      "numberOfCopy": 2
    },
    {
      "id": 2,
      "title": "asaasd",
      "author": "edqwfqca",
      "description": "sanakckq cwea",
      "rackNumber": 2,
      "numberOfCopy": 2
    },
    {
      "id": 3,
      "title": "ascajcaslo ljal",
      "author": "asjodjqlax ",
      "description": "dahha h jladj",
      "rackNumber": 3,
      "numberOfCopy": 1
    }
  ],
  "user": [
    {
      "id": 1,
      "firstName": "ashu",
      "lastName": "singh",
      "email": "ashu@g",
      "password": "ashu",
      "loginAs": "member",
      "confirmPassword": "ashu"
    },
    {
      "id": 2,
      "firstName": "ashu",
      "lastName": "singh",
      "email": "ashu@g",
      "password": "ashu",
      "loginAs": "librarian",
      "confirmPassword": "ashu"
    },
    {
      "id": 3,
      "firstName": "ankita",
      "lastName": "kadu",
      "email": "ankita@gmail.com",
      "password": "ankit",
      "loginAs": "librarian",
      "confirmPassword": "ankit"
    }
  ],
  "userBorrowed": [
    {
      "id": "1",
      "bookIdArray": [
        "1",
        "2",
        "3"
      ]
    }
  ]
}