<?xml version='1.0' encoding='UTF-8'?>  
<!DOCTYPE hibernate-mapping PUBLIC  
          "-//Hibernate/Hibernate Mapping DTD 5.3//EN"  
          "http://hibernate.sourceforge.net/hibernate-mapping-3.0.dtd">

<hibernate-mapping>
	<class name="com.hcl.Employee" table="emp123">
		<id name="id">
			<generator class="increment"></generator>
		</id>

		<property name="name"></property>

		<joined-subclass name="com.hcl.Regular_Employee"
			table="regemp123">
			<key column="eid"></key>
			<property name="salary"></property>
			<property name="bonus"></property>
		</joined-subclass>

		<joined-subclass name="com.hcl.Contract_Employee"
			table="contemp123">
			<key column="eid"></key>
			<property name="pay_per_hour"></property>
			<property name="contract_duration"></property>
		</joined-subclass>

	</class>
</hibernate-mapping>  